text,rating,source,product_url
"একটা কথা আছে না, নিজ ভাষা আপনার মর্মে যতটা মর্মাহত করতে পারে, অন্য ভাষা তা পারেনা। আত্মপ্রেরনা মূলক সময় বাচানো টাইম ম্যানেজমেন্ট এর এই বইটা আমাকে তেমনিভাবে মর্মে মর্মাহত করে মর্মার্থ বুঝাতে পেরেছে। হাতে তিনটা বই ছিল আরো- never eat alone, how to not fk, to kill a mocking bird, সব বাদ দিয়ে এই বইটিই পড়ামাত্রই মনে হয়েছে-বইটি আমার প্রয়োজন। অনুবাদক মাঝে মাঝে তার নিজের বক্তব্য তুলে ধরেছেন, বিভিন্ন বই থেকে উক্তি নিয়েছেন, পাঠকদের সহজবোধ্য করবার জন্য কাছাকাছি উদাহরন টেনেছেন। তাতে পাঠকদের কাছে বইটি আরো সহজবোধ্য হয়েছে। তবে মাঝে মাঝে এবং বইয়ের শেষে অনুবাদক নিজের একান্ত উপদেশ টেনেছেন-যা বোধগম্য হয়নি, বা তাকে সুখকর মনে হয়নি। নিজের স্বার্থেই হোক, বা বিভিন্ন দরকারেই হোক বইয়ের কিছু অংশ না তুলে রাখলেই নয়। “সবচেয়ে গুরুত্বপুর্ন হচ্ছে সময়নিষ্ঠ হওয়ার অভ্যাস গঠনের জন্য একটি সিদ্ধান্ত নিন। যেমন সামনে কোন সভা বা কারু সাথে সাক্ষাত থাকলে একটু আগে যান”“নেপোলিয়ন হিল তার বিশ বছরের গবেষনায় আবিস্কার করেছেন যে যখন একজন ব্যাক্তির সামনে তার জীওবনের একটি নির্দিষ্ট লক্ষ্য থাকে, লিখিত ও স্পষ্টভাবে তার সামনে থাকে সে তার জীবনকে সাধারন জায়গা থেকে সর্বোচ্চ শিখরে নিয়ে যায়” “থিঙ্কিং ফাস্ট এন্ড স্লো তার বইয়ের সারমর্ম হচ্ছে আমরা আমাদের প্রতিদিনকার জীবনের বিভিন্ন পরিস্থিতি নিয়ে দুই ধরনের চিন্তা করবো। এক হচ্ছে দ্রুত চিন্তা, আর দুই হচ্ছে ধীর চিন্তা” “ক্যানেম্যনের বক্তব্য হচ্ছে এই ধীর চিন্তা করতে না পারাটাই আমাদের ব্যার্থতার মুখোমুখি করে। জীবনের অনেক ক্ষেত্রেই একটু অবসর একটু স্বস্তি দরকার। তখন দরকার হয় ধীর চিন্তা করে ঘটনাকে খুজে দেখা ও বোঝা। কিন্তু আমরা তাড়াহুড়া করতে গিয়ে এই ধীর চিন্তার প্রতি সময় না দিতে না পেরে ভুল করি। কাজেই ব্যার্থ হই” “কাগজে লিখে পরিকল্পনা তৈরি করুন। মুখে মুখে পরিকল্পনা তৈরি করা বন্ধ করুন। যত সফল সময়নিষ্ঠ ব্যাক্তি আছে তারা সকলেই ভালো পরিকল্পনা বিদ। তার নানান ধরনের তালিকা করে। এটাকে নানান ভাগ উপভাগে সাজায়। মুখ্য কারনগুলো বের করে এবং গৌণ ব্যাপারগুলোর দিকেও পর্যাপ্ত নজর দেয়। ...কথায় আছে পরিকল্পনার এক একটি মিনিট কর্মক্ষেত্রের দশ মিনিট করে সময় বাচায়” “কাজ অবশ্যই করবেন তবে আগে পরিকল্পনা করুন। আগে একটি সাদা কাগজ ও কলম নিয়ে বসুন। কাগজে আপনার সুবিধাগুলো লিখে ফেলুন। আপনার কী কী অসুবিধা আছে তাও লিখুন। স্পষ্টভাবে নিজের সুবিধাগুলো দেখুন এবং আপনার কাজ সম্পন্ন করতে আর কী কী দরকার তা সম্পর্কেও নির্দিষ্ট হোন”। “আপনার কর্মতালিকা তৈরি করার সবচেয়ে উপযুক্ত সময় হচ্ছে আগের রাত্রি। এতে করে আপনি অনুসুচি তৈরি করে ঘুমিয়ে পড়লে আপনার অবচেতন মন এটার ওপর কাজ করার সুযোগ পায়”। “প্রনিল পদ্ধতির কথা বলেছি। সেখানে ১ ২ ৩ ৪ ৫ নম্বর ভিত্তিক ক্রমটি অতীব জরুরি। এটা সময় ব্যবস্থাপনার শক্তিশালী কৌশলগুলোর মধ্যেই অন্যতম। এতে করে খুব শহজেই আপনি ঠিক করতে পারবেন যে কীভাবে কোন কাজটিকে গুরুত্ব দিবেন, প্রাধান্য অনুযায়ী সাজাবেন। এছাড়াও আরো কিছু কৌশল আছে যেগুলো আপনি কাজে লাগালে উপকৃত হবেন...।এক একটি ধরে কাজগুলো বিশ্লেষন করেন আপনি দেখবেন এমন তিনটি কাজ আছে যেগুলো বাকি ৯০ শতাংশ কাজের সমান গুরুত্বপুর্ন। এগুলোই আপনাকে গুরুত্ব সহকারে করতে হবে”।",1,Rokomari,https://www.rokomari.com/book/154373/time-management
এই বই কেনা আর না কেনা এক কথা। এত খারাপ অনুবাদ আমি পড়িনি আর পদে পদে অনুবাদকের আগামী কি বই আসছে তার বিজ্ঞাপণ। কেনার পরে কয়েক পৃষ্টা পড়ার পরে বাদ দিয়ে দিয়েছি পড়া আর রকমারির উচিত হবে এই অনুবাদকের সকল অনুবাদ তাদের সাইট থেকে সরিয়ে ফেলা। রকমারিকে অনেক বার অনুরোধ করেছি কিন্তু কে শুনে কার কথা। ব্যাপার টা এমন হয়ে দাঁড়িয়েছে যে বিক্রি হলে ই হলো। অনুবাদ কে ইমেল করেছিলাম কিন্তু আজ ও পর্যন্ত তার থেকে কোন উত্তর পাইনি হয়তো বা তিনি তার আগামী অনুবাদ নিয়ে পড়ে আছেন কারণ ২০৩০ সাল পর্যন্ত তার টার্গেট আরো অনেক বই অনুবাদ করে পাঠকের টাকার ফুর্তি করবে। অনুরোধ রইলো এই অনুবাদকের এই বই না কিনে ইংরেজী ভার্সন টা কিনেন।,1,Rokomari,https://www.rokomari.com/book/154373/time-management
"আপনার জীবনের সবচেয়ে গুরুত্বপূর্ণ জিনিস হচ্ছে ভারসাম্য ও সংযম।এগুলো একেবারে পাওয়া যায় না।ধীরে ধীরে গ্রহন করতে হয়।এই বইয়ের বুদ্ধি ধারনা ও কৌশল গুলো চর্চার মাধ্যমে আপনি একজন সময়নিষ্ঠ ব্যাক্তি হয়ে উঠবেন এবং ........................বাকি টা জানার জন্য এই বই কে খুব গুরুত্ব দিয়ে আপনাকে পড়তে হবে ।বিশ্বাস রাখেন ঠকবেন না।অনুবাদকের কথা সবাই বলছেন,কিছু বলতে হয়।ভাষার প্রান চাঞ্চল্যতা রক্ষার জন্য কিছু শব্দ সংযোজন বিয়োজনের প্রয়োজন আছে অবশ্যই ।এটা বাংলা ভাষা,আমাদের মাতৃভাষা ।সহজ সাবলীল ভাবে সবার নিকট তুলে ধরাটাই ছিলো অনুবাদকের মূল লক্ষ্য।আশা করি অনুবাদক সেটা করতে অনেকটাই সক্ষম হয়েছেন।",5,Rokomari,https://www.rokomari.com/book/154373/time-management
"বইটিতে সময়ের সঠিক ব্যবহারের দিকনির্দেশনা মূলক এবং গঠনমূলক আলোচনা খুবই সুন্দরভাবে উপস্থাপন করা হয়েছে কিন্তু দুঃখের বিষয় হলো অনুবাদ তুলনামূলক ভাবে খবুই নিম্নমানের । একটি ইন্টারন্যাশনাল বেস্ট সেলার বইয়ের এইধরনের অনুবাদ মোটেই কাম্য নয় । আশা করি অনুবাদক সামনের দিনগুলোতে এই ভুলগুলো সংশোধন করে আমাদেরকে ভালো মানের বই উপহার দিবে । যেহেতু আমরা বাঙ্গালী, তাই বইটি পড়তে আমাদের তেমন সমস্যা হওয়ার কথা নয় , । বইটির শুরুতেই সময় নিয়ে আমাদের অসচেতনতা এবং অলসতার বিষয়টি সুন্দরভাবে আলোকপাত করা হয়েছে তাই বইটি পড়ে সবাই উপকৃত হবে বলে আমি আশা রাখি । ধন্যবাদ ।",3,Rokomari,https://www.rokomari.com/book/154373/time-management
"বইটি অন্যান্য অনেক বইয়ের থেকে ভালো।তবে অনুবাদ আরো ভালো হয়ত করা যেত। বইয়ে আমরা কী কী ভুল করি, ভুলের ফলে কী হয়, ভুলের পর কী করি, ভুল থেকে কিভাবে শিক্ষা গ্রহন করা যায় সেসব অনেক সাবলীলভাবে ব্যাখ্যা করা হয়েছে। আশা করি যে কেউ সহজেই বইটি পড়ে উপকৃত হতে পারবে। সহজ ভাষায় অনেক গভীর বিষয়ের ব্যাখা বইটিকে আরো গ্রহণযোগ্য করে তুলেছে।",4,Rokomari,https://www.rokomari.com/book/154373/time-management
"রকমারি'র থেকে ডোপামিন ডিটক্স বইটি অর্ডার করেছিলাম। সময়মতো হাতে পেয়েছি, বইয়ের অবস্থা আর প্রিন্ট কোয়ালিটি দুটোই ভালো ছিল। প্যাকেজিংও ঠিকঠাক ছিল।বইটা মনোযোগ ধরে রাখা আর অপ্রয়োজনীয় ডোপামিন আসক্তি কমানোর বিষয়ে লেখা— যাদের সোশ্যাল মিডিয়া বা ফোনে সময় নষ্টের অভ্যাস আছে, তাদের জন্য কাজে লাগতে পারে।কিছুটা পড়েছি, এখন পর্যন্ত ভালোই লাগছে। সার্ভিস নিয়ে আলহামদুলিল্লাহ সন্তুষ্ট👌।",5,Rokomari,https://www.rokomari.com/book/243389/dopamine-detox?hasEbook=on
"আমরা অনেকেই সোশাল মিডিয়ায় আসক্তের মতন,এছাড়াও নানা জিনিস আছে যেগুলা আমাদের দৈনন্দিন জীবনের প্রোডাক্টিভিটি কমিয়ে দিচ্ছে,Dopamine হরমোন হলো একটা প্লেজার হরমোন, কিন্তু নানারকম কারনে এটা টক্সিক ইফেক্ট তৈরী করে,এ বইয়ে লেখক দেখিয়েছেন কিভাবে""Dopamine detox""করে মাইন্ডফুলনেস হয়ে আমরা আমাদের কাজে মনোযোগী হতে পারি,জয় করতে পারি নিজেকে।",4,Rokomari,https://www.rokomari.com/book/243389/dopamine-detox?hasEbook=on
আমি আজকে বইটি হাতে পেয়েছি। DELIVERY তে একটু দেরি হয়েছিল কিন্তু বইটি হাতে পাওয়ার পর এইসব ভুলে গিয়েছি। এখন আমি বইটি পর্ব আর এই বইটি অএঙ্ক কাজের একটি বই। সবার একবার হলেও এই বইটি পড়া দরকার। বইটির QUALITY অনেক ভালো ছিল। PRINT অনেক ভালোভাবে করা হয়েছে। আমি বইটি পেয়ে অনেক খুশি। ধন্যবাদ রকমারি।,5,Rokomari,https://www.rokomari.com/book/243389/dopamine-detox?hasEbook=on
"This book clarifies how social media platforms distract our everyday life for all ages of people. We are usually very prone to instant gratification rather than delayed one. So, it's high time we should prevent ourselves from social media addiction before it's too late.",4,Rokomari,https://www.rokomari.com/book/243389/dopamine-detox?hasEbook=on
বইটি অর্ডার দেওয়ার দুই দিন এর মধ্যে হাতে পেয়েছি এবং বইয়ের কভার ও পৃষ্ঠার মান খুবই উন্নত এবং ভালো। সর্বোপরি বইটি পড়ে অনেক ভালো লেগেছে এবং এই বইটা আমার রকমারি থেকে প্রথম অর্ডার ছিলো।আমি এই সিরিজের একে একে সবগুলো বই পড়ে শেষ করার ইচ্ছা পোষন করলাম।,5,Rokomari,https://www.rokomari.com/book/243389/dopamine-detox?hasEbook=on
"""বিজনেস ব্লুপ্রিন্ট""একটি ছোট রিভিউআবু তাহের দিনাজপুর 01714852898যদি বলতে হয় প্রথমত বলি- দেশীয় লেখকদের তত্বমূলক ও গবেষণাধর্মী লিখিত বই কেনায় আমার তেমন আগ্রহ নেই বললেই চলে। কেননা, প্রায়ই আমি দেখেছি - এই বই সমূহে বিদেশী লেখকের বইয়ের তথ্য বর্ণনা করা থাকে।যখন বিজনেস ব্লুপ্রিন্ট বইটির বিজ্ঞাপন দেখলাম, নাম আর স্লোগান ভাল লেগেছিল। কিন্তু কিনতে হবে এই অনূভূতি মনের মধ্যে আসে নি। ঐ যে দেশীয় লেখক। এরপর লেখক কোচ কাঞ্চন ভাইয়ের সাথে যে কোনভাবে যোগাযোগ হয়। তাঁর সাথে এই বইয়ের বিষয়ে আলোচনা হয়। অন্যান্য আলোচনার পাশাপাশি বইয়ের দাম বেশি বলে মন্তব্য করি। তিনি আমাকে আশ্বস্ত করেন - ""বইটি পড়েন, যা খরচ করবেন তার চেয়ে হাজারগুণ বেশি শিখবেন""।ব্যবসা শুরু থেকে স্বর্ণ শিখরে যাওয়া পর্যন্ত বইটি সহায়ক বলে আমি মনে করি। বইটি শুধু তথ্যমূলক নয় উদ্দীপনা মূলকও বটে। সেই সাথে বাস্তববাদীও। কোথায় একজন ব্যবসায়ী আটকে যেতে পারে তারও আলোচনা করা হয়েছে। বিভিন্ন বইয়ের রেকমেন্ডেশন বইটিকে আরও সৌন্দর্য মন্ডিত করেছে বলে আমি করি। যা আমি অন্য লেখকদের মাঝে দেখি নি।আল্লাহ, কোচ কাঞ্চন সাহেবকে আরও বেশি হেদায়েত দান করুন। আমীন।",0,Rokomari,https://www.rokomari.com/book/425484/business-blueprint?hasEbook=on
"বাংলাদেশে এমন মানুষ খুঁজে পাওয়া কঠিন যে আসলে তার নিজের ব্যবসায়ীক ১৫ বছরের জ্ঞানকে একত্রিত করে একটি বিজনেস বই লিখেছে। লেখক কোচ কাঞ্চন এমন ভাবে বইটি লিখেছে যা পড়ে আপনার মনে হবে A Business Book Author Who Is Actually Building Businesses. এই বইটিতে তরুণ উদ্যোক্তারা অল্প পুজিতে বিজনেসের উপায় থেকে শুরু করে ইউনিক বিজনেস আইডিয়া, বিজনেস ইনোভেশন, মার্কেটিং এর কৌশল ও এর বিশ্লেষণ, বিজনেসে যুদ্ধজয়ের কৌশল, উদ্যোক্তার চিন্তার খোরাক, প্রোডাক্টিভিটি সিক্রেটস সহ অভিনব সব টপিকে সম্পর্কে জানতে পারবেন। বাংলাদেশে যারা একটি ব্যবসা শুরু করতে চাই তাদের জন্যে এই বইটি হবে একটি গাইডবুক। যুদ্ধে যাওয়ার আগে যেমন প্রস্তুতি প্রয়োজন ঠিক তেমনি বিজনেস নামক যুদ্ধে নামার আগে এই বইটি আপনাকে সেই প্রস্তুতি নিতে সাহায্যে করবে। আশা করি বইটি যারা পড়বেন তারা একটুকু হতাশ হবেন না একটা বিষয় হলেও নতুন কিছু শিখতে পারবেন।",5,Rokomari,https://www.rokomari.com/book/425484/business-blueprint?hasEbook=on
বিজনেস নিয়ে অনেক বই পড়া হয় তবে এত ইনডেপ্ট আলোচলা (বাংলা লেখা) এই প্রথম পেলাম। একটা বিজনেস করতে গেলে যা যা করা দরকার মোটামুটি সবই আলোচলা পেয়েছি। একজন ডিজিটাল মার্কেটার হিসেবে আমার কাছে সবচেয়ে গুরুত্বপূর্ণ যেটা মনে হয়েছে সেটা হলো ব্যবসা করতে গেলে বর্তমানে যে ডিজিটালের ব্যবহার অনেক গুরুত্বপূর্ণ সেই বিষয়টা এবং সেটার ব্যবহারও লেখক অনেক সুন্দর করে তুলে ধরেছেন। আমার কাছে বইয়ের প্রাইজ বইয়ের কন্টেন্টের তুলনায় কমই মনে হয়েছে (আগে পড়া অন্যান্য লেখকের বইয়ের কন্টেন্টের তুলনায়)। নেক্সট বইয়ের অপেক্ষায় থাকলাম। আপনার জন্য অনেক অনেক দোয়া থাকলো যাতে আমাদেরকে এমন বই আরো দিতে পারেন।,5,Rokomari,https://www.rokomari.com/book/425484/business-blueprint?hasEbook=on
"আসসালামু আলাইকুম, স্যার এর বিজনেস Blue print বইটি আমি রকমারি থেকে ২দিন আগে নিয়ে এসেছিলাম! গত ২ দিন থেকে পড়ে যা শিখলাম বই টি থেকে। যে একটি কোম্পানি নতুন দাড় করানো জন্য অথবা নিউ Brand Bild করার জন্য, এই বইটিতে Minda mantle থেকে কোর ফরম্যাট যা যা লাগে সব কিছুই দেওয়া আছে। যেমন একটা Buldind তৈরির করার আগে যে নকশা অনুমোদন নেওয়া হয়, পরে সেটাকে ফলো করে কাজ করে।এর বাহিরে যাওয়ার কোন সুযোগ নাই! ঠিক তেমনি বিজনেসের জন্য বিজনেস Blue print বইটি হাইলি রিকমন্ডেড। ক্যাশ মেশিন বইটি সব কিছু নিয়ে লেখা, আর বিজনেস করতে চাইলে বইটি সবার জন্য দরকারী।",0,Rokomari,https://www.rokomari.com/book/425484/business-blueprint?hasEbook=on
"সত্যি বলতে অসাধারণ, আমি কল্পনাও করতে পারিনি ক্রয় করার আগে এতটা গুছালো এবং সুন্দরভাবে লেখা হয়েছে। আমি রকমারি থেকে প্রায়ই বই নিয়ে থাকি কিন্তু কাউকে রিভিউ দিতে হবে এরকম কোন চিন্তা মাথায় আসেনি৷ এই বইটি পড়ার পর মনে হলো রিভিউ না দিলে অনেকটাই অনুশোচনা হবে। জাস্ট অসাধারণ নলেজ। এই বই টি পাঁচ বছর আগে আমি পড়তে পারলে বর্তমান অবস্থা থেকে আরো বেশি ব্রেন কে কাজে লাগাতে পারতাম এবং আমার কোম্পানিতে আরো কয়েকগুণ উন্নত করতে পারতাম। অসংখ্য ধন্যবাদ এমন একটি বই উপহার দেওয়ার জন্য।",5,Rokomari,https://www.rokomari.com/book/425484/business-blueprint?hasEbook=on
অনুবাদে কিছু সমস্যা থাকলেও মাস্টারপিস লিস্টে রাখলাম..পড়তে পারেন ভালো বই🥀🥀,5,Rokomari,https://www.rokomari.com/book/257281/building-a-storybrand?hasEbook=on
Another level of Copywriting and for marketing.,5,Rokomari,https://www.rokomari.com/book/257281/building-a-storybrand?hasEbook=on
আসা করি বইটি পড়ে অনেক কিছু শিখতে পেরেছি,5,Rokomari,https://www.rokomari.com/book/257281/building-a-storybrand?hasEbook=on
"অনলাইন/অফলাইন মিলিয়ে দেশে এখন ব্যবসায়ী ও উদ্যোক্তার সংখ্যা নেহায়েত কম না। তবে ব্যবসায়িক জগতে তাকালে খুব দুঃখজনক একটি বিষয় দেখতে পাওয়া যায়। আর এটি হচ্ছে—যারা কাস্টমারকে সবচেয়ে পরিচ্ছন্ন বার্তা দিতে পারছে এবং কাস্টমারের সাথে যাদের কমিউনিকেশন এবং অ্যাঙ্গেজমেন্ট সবচেয়ে বেশি ভালো, তাদের বেশিরভাগই কোয়ালিটি পণ্য বা সেবা নিয়ে ব্যবসা করছে না। আবার কোয়ালিটি সম্পূর্ণ পণ্য ও সেবা নিয়েও বহু কোম্পানি কাস্টমারদের কাছে পৌঁছাতে পারছে না।এখান থেকে একটা বিষয় অন্তত সুস্পষ্টভাবে প্রমাণিত হয় যে, ভালো কোয়ালিটি কিংবা সেবাই সুনির্দিষ্ট কোনো ব্র্যান্ডকে একা টেনে তুলতে পারে না। এটির জন্য কাস্টমারের সাথে কমিউনিকেশন শক্তিশালী থাকা এবং অ্যাঙ্গেজমেন্ট ভালো হওয়া জরুরী। দুঃখের বিষয় বহু ভালো কোম্পানি এই সেক্টরে দুর্বল। ফলে তারা ব্যবসায়িক জগতে আশানুরূপ সাফল্য অর্জন করতে সক্ষম হচ্ছে না। কারণ তাদের অধিকাংশেরই ব্র‍্যান্ডিং এবং মার্কেটিং নিয়ে পর্যাপ্ত জানাশোনা নেই। আর এসবের জন্যই দরকার উপযুক্ত ব্র‍্যান্ডিং এবং মার্কেটিং স্ট্র‍্যাটিজি।ডোনাল্ড মিলারের ""বিল্ডিং এ ব্র্যান্ড স্টোরি"", বইটি ব্র্যান্ডিং-এর একটি রত্ন বলা চলে। যার অনুবাদ করেছেন সবার প্রিয় ত্বাইরান আবির ভাই৷ তিনি খুব অল্প সময়ের মধ্যেই একজন পেশাদার লেখক এবং অনুবাদক হিসাবে প্রতিষ্ঠিত হয়েছেন।বইটিতে ডোনাল্ড মিলার কোনো জটিল তত্ত্ব ছাড়াই সহজ ও মজা করে আলোচনা করেছেন ব্র্যান্ডিং এর সকল ধাপ।প্রথমে তিনি ব্র্যান্ডিং আইডিয়ার ব্যাপারে ধারণা দিয়েছেন। এরপর বিভিন্ন ঘটনা বা ক্যাম্পেইন নিয়ে আলোচনা করেছেন। সব শেষে, আইডিয়ার প্রয়োগ কীভাবে করবেন, কোথায় কিভাবে ভুল হতে পারে, কী কী বিষয় মাথায় রাখতে হবে ইত্যাদি, তুলে দিয়েছেন। যা পাঠক এবং ব্যবসার মালিকের জন্য কার্যকর পদক্ষেপ গ্রহণে সহায়তা করবে।এই বইয়ে মূলত বিজনেস প্রফেশনালদেরকে তাদের ব্যবসায়িক অবস্থান আরও ওপরে তোলার বিভিন্ন কলা-কৌশল নিয়ে আলোচনা করা হয়েছে। নিম্নে তা তুলে ধরা হলো৷প্রথম অধ্যায়ে এসেছে, মার্কেটিং এর কৌশল; সেখানে দেখানো হয়েছে কি কারণে বহু ব্যবসায়িক উদ্যোগ ব্যর্থ হয়। এবং কিভাবে স্টোরিই ব্যবসাকে টিকিয়ে রাখে। কারণ গল্পের বার্তাই ব্র্যান্ডিং এর মূল চাবিকাঠি, তাই বার্তা সুস্পষ্ট করা খুব জরুরী। একটা ভালো স্টোরি পারে বিশৃঙ্খলা এড়িয়ে যেতে এবং ব্যবসাকে প্রসারিত করে তার সফলতা ছিনিয়ে আনতে।দ্বিতীয় অধ্যায়ে এসেছে, নিজের স্টোরিব্র্যান্ড তৈরি; দ্বিধাদ্বন্দে না ভুগে সবার আগে ব্র্যান্ডস্ক্রিপ্ট তৈরি করতে হবে। এমন ভাবে স্ক্রিপ্ট সাজাতে হবে যেন কাস্টমার হয় গল্পের হিরো এবং গল্পে অবশ্যই একটি ভিলেইনও রাখতে হবে। ঠিক যেভাবে স্ক্রিনরাইটাররা ভিলেইনকে অস্ত্র হিসাবে ব্যবহার করে স্টোরি শক্তিশালী করে। এই একই ব্যাপার ঘটে থাকে ব্যবসায়িক জগতেও। তাই ইতিবাচক ফার্স্ট ইমপ্রেশন তৈরি করতে হবে যেভাবে সম্ভব। ব্র্যান্ডিং এর বিভিন্ন প্লানিং এর মাধ্যমেই মূলত এগুলো করতে হবে। কীভাবে এগুলো করা সম্ভব, তা গল্পে গল্পে তুলে ধরা হয়েছে বইটিতে।তৃতীয় অধ্যায়ে এসেছে, স্টোরিব্র্যান্ড এর ব্র্যান্ডস্ক্রিপ্টের বাস্তবায়ন। যার জন্য প্রথমেই প্রয়োজন উপযুক্ত ওয়েবসাইট নির্মাণ। এই অধ্যায়ে উপযুক্ত ওয়েবসাইট তৈরি এবং তাতে কি কি অন্তর্ভুক্ত করা উচিত তার বিস্তারিত আলোচনা করা আছে।এছাড়াও স্টোরিব্র্যান্ড ব্যান্ডস্ক্রিপ্ট তৈরি করার পর নিজেদের মার্কেটিং কার্যক্রম ত্বরান্বিত করতে ও ব্যবসা বৃদ্ধি করতে আরো যা যা কাজ করা যায়, তা 'স্টোরিব্র্যান্ড মার্কেটিং রোডম্যাপ' এ আলোচনা করা হয়েছে। এই টপিকটি খুবই গুরুত্বপূর্ণ৷ অনলাইন কিংবা অফলাইন ব্র্যান্ডিং এর জন্য প্রথমে প্রয়োজন 'স্টোরি বলা'। বইটি আপনাকে শেখাবে মেসেজিং এবং টোন কিভাবে স্পষ্ট করতে হবে। যার ফলে আপনি আপনার গ্রাহকদের সন্তুষ্ট করতে পারবেন এবং ব্যবসার সফলতার দিকে এগিয়ে যাবেন।এছাড়াও বইটিতে ব্র্যান্ড বা ব্যবসার পিছনের এমন কিছু গল্প তুলে ধরা হয়েছে যা ব্যক্তির আত্মবিশ্বাসের অনুভূতি জাগিয়ে তোলবে এবং সফলতার চুড়ান্ত লক্ষ্যে পৌচ্ছে দিবে, ইনশাআল্লাহ।",5,Rokomari,https://www.rokomari.com/book/257281/building-a-storybrand?hasEbook=on
"এই মিসিং গুলো কিভাবে সম্ভব??আস্সালামুআলাইকুম সবাইকে , আমি তিন দিন থেকে ইংলিশ ভেরিয়েশন এর বইটা পড়সিলাম কিন্তু পড়া আগাসিলোনা , তাই বাংলা অনুবাদ খুঁজতে এসে এই বই টা পড়া শুরু করলাম। একটু পড়ার পরেই আমি হতবাক ! মূল বই এর পুরা স্ট্রাকচার চেঞ্জ এবং অনুবাদক কি মনে করে এতো গুরুত্বপূর্ণ সেন্টেন্স, keysentence গুলো মিসিং করলো এই কয়েকটা পেজ এই , তাহলে পুরা বইতে আরো কতো মিসিং আছে ? অবশেষ এ অনুবাদ পড়ার আগ্রহ হারিয়ে মূল বইটা পড়ার দিকে ফোকাস করতে হলো।",1,Rokomari,https://www.rokomari.com/book/257281/building-a-storybrand?hasEbook=on
"ব্যাংক, টাকা,মুদ্রা ব্যবস্থা এই বিষয়গুলো আমাদের জীবনের চলার পথে আষ্টেপৃষ্টে জড়িয়ে আছে। আমরা এসবে জড়িয়ে থাকলেও ভেতরের মূল রহস্য ক'জন জানি! আর এই না জানার জন্য চারপাশে দেখবেন কেউ দেউলিয়া হয়ে ঘুরে বেড়াচ্ছে, ঋণের বোঝা টানতে টানতে নিঃস্ব হয়ে যাচ্ছে। সেই ঋণ পরিশোধ করতে আবার ব্যাংকের নিকট গিয়ে সুদে ঋণ নিয়ে পূর্বের ঋণ পরিশোধ করছে। এভাবেই চলছে আর দিনশেষে মাথা চাপড়ানো ছাড়া উপায় নেই।আপনার যদি এসব বিষয়ে জানার ইচ্ছা থাকে এবং অর্থনীতির প্রচলিত ব্যাংক ব্যবস্থা, মুদ্রা ব্যবস্থা পরিবর্তন করার এবং সমাজে এর ইতিবাচক প্রভাব ফেলার চেতনা থাকে তাহলে মোহাইমিন পাটোয়ারীর ' ব্যাংক ব্যবস্থা ও টাকার গোপন রহস্য ' বইটি পড়ুন। লেখক খুবই সাবলীল ভাষায় এবং গল্পে গল্পে বইটি রচনা করেছেন। আপনার অর্থনীতি সম্পর্কে পূর্বে কোন ধারণা না থাকলেও চলবে। আমার মনে হয় বইটি প্রথবার পড়ে এরপর আবার পড়া উচিত। তাহলে মূল বিষয়গুলো ক্লিয়ার হয়ে যাবে। প্রচলিত ব্যবস্থাগুলোর পরিবর্তনে আমাদের সবাইকে একসাথে এগিয়ে যেতে হবে। তাই আপনি নিজে পড়ে চারপাশে মিলিয়ে নিন, চিন্তা করুন এবং আপনার পরিবার, বন্ধু ও আত্মীয়দের মাঝে ছড়িয়ে দিন। লেখকের জন্য অনেক অনেক শুভকামনা, আল্লাহ তার কাজগুলোকে কবুল করে নিক। আমিন।।",5,Rokomari,https://www.rokomari.com/book/227595/bangkbybostha-o-takar-gopon-rohosso?hasEbook=on
"যে যাই বলুক না কেন, আমার মতে বইটি খুবই গুরুত্বপূর্ণ একটি বই ।আমি নিজে বইটি পড়েছি আবার অনেকের কমেন্টও পরেছি । অনেকে বলেছেন যে বইটিতে সুদকে হালাল দেখানো হয়েছে । আসলে বিষয়টি এমন নয় বিষয়টি হচ্ছে সারা বিশ্বে বা বিশ্বের ধনী দেশগুলি কিভাবে এত ধনী এবং সমৃদ্ধশালী হয়েছে সেটা বোঝানো হয়েছে । আসলে অধিকাংশ মানুষই কোন কোন না ভাবে সুদের সাথে জড়িত । হয় সে কোন না কোন ভাবে নিচ্ছে, না হয় কোন না কোন প্রকিৃয়ার মধ্য দিয়ে দিচ্ছে। হতে পারে প্রতক্ষ্য বা পরক্ষ ভাবে । আসলে বইটিতে বর্তমানে প্রেক্ষটের আলোকে নীবির পর্যবেক্ষণ করে বিশ্বের ধনী দেশ ও অধিকাংশ ধনী ব্যক্তির গোপন রহস্য তুলে ধরেছেন । বৈশিক এই অর্থনীতির নতুন পরিমন্ডল ঘুরতে ও বুঝতে বইটি একাবার হলেও সত্যন্বেষী মানুষেদের পড়া উচিৎ । আর অর্থনীতির ছাত্র হলে তো কথাই নেই । সত্য ঘটনার আলোকে অর্থনৈতিক রূপরেখা যেভা্বে লেখক তুলে ধরেছেন তা সত্যিই বিরল । এমন একটি বইয়ের জন্য আমার পক্ষ থেকে লেখক ভাইকে ধন্যবাদ ।।",5,Rokomari,https://www.rokomari.com/book/227595/bangkbybostha-o-takar-gopon-rohosso?hasEbook=on
"একটি বই পড়ে যদি আপনি ঐ বিষয়ে আরো পড়তে চান অর্থাৎ আপনার মনে প্রশ্ন উৎপন্ন হয়,তবে লেখক নিঃসন্দেহে সার্থক। মোহাইমিন পাটোয়ারী রচিত 'ব্যাংকব্যাবস্থা ও টাকার গোপন রহস্য ' বইটির দাম একটু বেশি হলেও পাঠকের কোন ক্ষতি নাই।গল্পের ছলে, সহজ-সরল উদাহরনের মাধ্যমে আপনি আস্তে আস্তে বুঝে যাবেন,কিভাবে ব্যাংকব্যবস্থা টাকার মাধ্যমে সুদের হিসাবে আমাদেরকে আষ্টেপৃষ্টে বেধে ফেলেছে।বিষয়টা খুবই জটিল।। তবে তিনটি কথা না বললেই নয়ঃ ১।সুদের উপর আলোচনা,যা বইটির নামের সাথে যায় না। ২।লেখকের লক্ষই ছিলো সুদকে খারাপ দেখানো,তাতে বইটির মূল উদ্দেশ্য ব্যাহত হয়েছে। ৩।ইসলামি দৃষ্টিতে সুদকে দেখা হয়েছে,যার ফলে সুদের ভালো কোন কথাই আসে নাই। আশাকরি পরবর্তী বইগুলিতে অর্থনীতিকে একজন বিশেষজ্ঞের কাছ থেকে পাবো,মুমিনের দৃষ্টভংগিতে নয়।ধন্যবাদ।।",4,Rokomari,https://www.rokomari.com/book/227595/bangkbybostha-o-takar-gopon-rohosso?hasEbook=on
"কেন্দ্রীয় ব্যাংক যদি ছাপায় ১০০ টাকা আর টা সুদ ভিত্তিক ঋণের মাধ্যমে জনগণের কাছে পৌঁছে দেয়, তাহলে জনগণ ওই ১০০ টাকার উপর সুদ কিভাবে দিবে? মানে অতিরিক্ত টাকা তো কেন্দ্রীয় ব্যাংক ছাপায় নি এখনো, তাহলে সুদের টাকা কিভাবে জনগণের হাতে আসবে আর কিভাবেই বা ঋণমুক্ত হবে?বইটা পড়ুন। আমার বিশ্বাস ছিলো হুমায়ূন আহমেদ ব্যতীত কেউ সরল ভাষায় জটিল কিছু বর্ণনা করতে পারেনা। এই লেখকের লেখা পড়ে সেই ভুল আমার ভেঙেছে।আমরা সারাদিন চিন্তায় মরি কিভাবে টাকা কামানো যায়, আর যারা আসল খেলোয়াড় তারা চিন্তা করে কিভাবে টাকা ছাপানো যায়!",5,Rokomari,https://www.rokomari.com/book/227595/bangkbybostha-o-takar-gopon-rohosso?hasEbook=on
"মোহাইমিন পাটোয়ারীর ‘ব্যাংক ব্যবস্থা ও টাকার গোপন রহস্য’ বইটি অর্থনীতির জটিল বিষয়গুলোকে সহজভাবে তুলে ধরেছে। বইটি পড়তে গিয়ে আপনি জানবেন, কীভাবে ব্যাংক ব্যবস্থা আমাদের জীবনের প্রতিটি অংশে জড়িয়ে আছে এবং কীভাবে ধনী দেশগুলো তাদের সম্পদ বৃদ্ধি করেছে। লেখক গল্পের ছলে আমাদের প্রতিদিনের জীবন এবং বৈশ্বিক অর্থনৈতিক বাস্তবতাকে ব্যাখ্যা করেছেন। অর্থনীতি সম্পর্কে আগে কিছু না জানলেও, এই বইটি আপনাকে গভীরতর বোঝার সুযোগ করে দেবে। এটি একটি গুরুত্বপূর্ণ বই, যা পড়া উচিত সবার।",4,Rokomari,https://www.rokomari.com/book/227595/bangkbybostha-o-takar-gopon-rohosso?hasEbook=on
"রিফ্লেকশন ফ্রম সুরা ইউনুস –মিজানুর রহমান আজহারী একটি অনুপ্রেরণামূলক ও জ্ঞানসমৃদ্ধ বই। এতে সুরা ইউনুসের আয়াতগুলো সহজবোধ্য ভাষায় ব্যাখ্যা করা হয়েছে, যা পাঠকদের কুরআনের গভীরতা অনুধাবনে সহায়তা করে। লেখক আয়াতগুলোর তাৎপর্য বাস্তব জীবনের সাথে যুক্ত করে ব্যাখ্যা করেছেন, যা পাঠকদের চিন্তার জগতে নতুন মাত্রা যোগ করে। বইটি পড়লে ঈমান মজবুত হয় এবং কুরআনের আলোকে জীবন পরিচালনার অনুপ্রেরণা পাওয়া যায়। এটি অবশ্যই একটি গুরুত্বপূর্ণ ও মূল্যবান গ্রন্থ।",5,Rokomari,https://www.rokomari.com/book/287484/reflections-from-surah-yusuf?ref=cat_ebook_1&hasEbook=on
"অসাধারণ লেখনি। লাইভ লেসন মূলক সত্যিকার জীবনি গল্প।কিভাবে পদে পদে আল্লাহর সাহায্য পাওয়া যায় তার দারুন এক উপ্যাখ্যান। কখনো বিপদ কখনো আবার সাহায্যের মিশেলে দারুন এক রচনা।এছাড়াও এই সূরা থেকে এই শিক্ষা পাওয়া যায় যে পূর্বে আমাদের সাথে যে যাই করুক না কেন,ভবিষ্যতে আল্লাহ তা'আলা তাদের সামনে আমাদেরকে আবারো দাঁড় করাবেন। তবে সে সময় পরিস্থিতি একটু ভিন্ন হবে।",5,Rokomari,https://www.rokomari.com/book/287484/reflections-from-surah-yusuf?ref=cat_ebook_1&hasEbook=on
সূরা ইউসুফ এর প্রতিটি আয়াত বিশ্লেষণ এর আলোকে শিক্ষা এবং লেখকের উপলব্ধি চমৎকার একটি গল্পের মধ্যে দিয়ে নিয়ে যায়। বইটি আসলে একটি জার্নি ইউসুফ (আ:) এর জীবনের ধৈর্য্য পরীক্ষা এবং সেই পরীক্ষায় উত্তীর্ণ হওয়ার পর আল্লাহর দেওয়া পুরষ্কার সবই খুব নিখুতভাবে ফুটে উঠেছে বইটিতে।,5,Rokomari,https://www.rokomari.com/book/287484/reflections-from-surah-yusuf?ref=cat_ebook_1&hasEbook=on
"One of the best book I have read. The Author described each and every details of Surah Yusuf in this book. When I read, I realized every scenes is happening in front of my eyes. Such a beautiful deion of Surah Yusuf.",5,Rokomari,https://www.rokomari.com/book/287484/reflections-from-surah-yusuf?ref=cat_ebook_1&hasEbook=on
Mizanur rahman azhari huzurer ekta shundor tafsir boi. Ekhane tini shundor bhabe sura yusufer tafsir koresen. Tar lekhar style khub shablil tai je keo shohoje bhujte pare.,5,Rokomari,https://www.rokomari.com/book/287484/reflections-from-surah-yusuf?ref=cat_ebook_1&hasEbook=on
অনুবাদ সুন্দর নয়। অনুবাদে শিষ্টাচারের অভাব রয়েছে। শিষ্টাচারের অভাব পূরণে NAK Bangla টিমের অনুবদ শৈলী ফলো করুন। ধন্যবাদ।,5,Rokomari,https://www.rokomari.com/book/272671/quranic-reminder-1?hasEbook=on
Mashallah ❤️,5,Rokomari,https://www.rokomari.com/book/272671/quranic-reminder-1?hasEbook=on
good,5,Rokomari,https://www.rokomari.com/book/272671/quranic-reminder-1?hasEbook=on
"কুরআনের নির্দেশনাগুলোকে দৈনন্দিন জীবনে কীভাবে প্রয়োগ করা যায়, সে বিষয়ে দিকনির্দেশনা প্রদান করে। ""কুরআনিক রিমাইন্ডার - ১"" বইটি কুরআনের শেষ দশটি সূরার গভীরতা ও তাৎপর্য বুঝতে আগ্রহী পাঠকদের জন্য একটি মূল্যবান সম্পদ। বইটি পাঠকদের কুরআনের নির্দেশনা অনুসরণ করে প্রাত্যহিক জীবনে সঠিক পথ অনুসরণে সহায়তা করবে।",5,Rokomari,https://www.rokomari.com/book/272671/quranic-reminder-1?hasEbook=on
"বইটি অসাধারণ.... এখানে কুরআনে কারিমের শেষ ১০টি সূরার পটভূমি, তাদাব্বুর ও শিক্ষা সন্নিবেশিত হয়েছে। আমাদের প্রাত্যহিক জীবনে এগুলো রিমাইন্ডার হিসেবে কাজ করবে, ইনশা আল্লাহ.... কুরআন কে অধ্যায়ন , অনুধাবন, চিন্তা করতে সহায়ক হবে বইটি।",5,Rokomari,https://www.rokomari.com/book/272671/quranic-reminder-1?hasEbook=on
"খুবই সাধারণ একটা ঘটনা দিয়ে গল্পের শুরু। সুরাইয়ার স্বামী হটাৎ একদিন অফিস থেকে আর বাসায় ফিরে নি। তারপর থেকে সুরাইয়া অপেক্ষায় আছে তার স্বামী একদিন ফিরে আসবে। খুব দ্রুত এই অপেক্ষা রূপ নেয় অবসেশনে। আর সেই অবসেশন বিষিয়ে তোলে তার ছেলে ইমন এবং মেয়ে সুপ্রভার জীবনকে। এমন একটা প্লটের ভিতর দিয়ে হুমায়ুন আহমেদ ফুটিয়ে তুলেছেন মানব চরিত্রের অদ্ভুত আর ব্যাখ্যাতীত বেশ কিছু ব্যাপার। ছোট উদাহরণ হিসেবে সুপ্রভার মামা জামিলুর রহমানের কথাই ধরা যাক। একজন আপাদমস্তক বৈষয়িক মানুষ। সারাক্ষন তার চিন্তা কিভাবে নিজের ব্যবসাকে বড় করবেন, এছাড়া তিনি কিছু জানেন না। নিজ পরিবারেরও ঠিকভাবে খোঁজ-খবর নেন না। দুই ছেলে চলে গেছে উচ্ছন্নে; পিস্তল ঠেকিয়ে তারা নিজ বাবার অফিস থেকেই টাকা চুরি করে। আবার এমন মানুষই কোন এক অজানা কারণে তার ভাগ্নী সুপ্রভার জন্য খুব মায়া বোধ করেন, পছন্দ করেন খুব। ""শুধু পছন্দ না, বাড়াবাড়ি ধরণের পছন্দ। তিনি তাঁর এই পছন্দের ব্যাপারটা সযতনে গোপন রাখেন। সুপ্রভার সঙ্গে দেখা হলেই ধমকের সুরে কথা বলার চেষ্টা করেন। ভুরু কুঁচকে তাকান। তারপরেও মনে হয় হৃদয়ের গোপন ভালবাসার ব্যাপারটা ঠিক গোপন রাখতে পারেন না। খুব হাস্যকর ভাবে মাঝে মাঝে তা প্রকাশ হয়ে পড়ে। তিনি তাতে অত্যন্ত অপ্রস্তুত বোধ করেন।""জামিলুর রহমানের নিজের ছেলেরা কোন অন্যায় করলে ঘরের দরজা বন্ধ করে তাদের নিষ্ঠুরভাবে মারেন। আবার তিনিই সুপ্রভা যাতে তার মায়ের কাছে মার না খায় এজন্য স্কুল টিচারকে গোপনে ঘুষ দিয়ে আসেন, যেন সুপ্রভাকে ফেইল করা সাবজেক্টে পাশ করিয়ে দেয়া হয়। সুপ্রভার প্রতি মায়ার এই তীব্র আবেগ প্রকাশ হয়ে যাওয়াকে জামিলুর রহমান দেখেন নিজের চারিত্রিক দুর্বলতা হিসেবে। ""জামিলুর রহমানের ইচ্ছা করছে মেয়েটাকে কোন ভাল উপহার কিনে দিতে যাতে তার মনটা খুশী হয়। কাজটা করতে লজ্জা পাচ্ছেন। কিছু কিছু মানুষ স্নেহ এবং ভালবাসাকে চরিত্রের বিরাট দুর্বলতা মনে করেন। সেই দুর্বলতা প্রকাশিত হয়ে পড়লে তাদের লজ্জার সীমা থাকে না।""পুরো বই জুড়ে সুরাইয়ার টক্সিসিটি অপনার ভিতর প্রবল বিরক্তির উদ্রেগ ঘটাবে। এতে কোন সন্দেহ নেই। তবে তার চেয়ে অনেক অনেক বেশি মায়া জাগাবে পাতায় পাতায় এমন অসংখ ঘটনা। সুরাইয়ার পাগলামি আর অবসেশন এই গল্পে না থাকলে বাকি চরিত্রগুলোকে এত মায়া আর দরদ দিয়ে হয়তো গড়ে তোলা সম্ভব হতো না।অপেক্ষাকে কেন্দ্র করে লেখা এই গল্প শেষ হয়েছে অপেক্ষার উত্তেজনাকে চরম পর্যায়ে রেখেই। 'পারফেক্ট এন্ডিং' যাকে বলে।অনেকের মত আমাকেও গভীরভাবে আঘাত করেছে এই বই। এমন একটা বই পড়েই Franz Kafka হয়ত বলেছিলেন, ""I think we ought to read only the kind of books that wound and stab us.""",5,Rokomari,https://www.rokomari.com/book/222273/opekkha?affId=KI45a88r335A13a&affs=33416&cma=604800&gad_source=1&gad_campaignid=22317978468&gclid=EAIaIQobChMI_47uxtimlQMVfCKDAx3uMBEgEAAYASAAEgKAt_D_BwE
"আমার পড়া প্রথম ফিকশন বই অপেক্ষা, এই বইয়ের সোশ্যাল মিডিয়ার আলোচনা আমি এই বই পড়ার সিদ্ধান্ত নেই। ফিকশন বই আমার পড়তে তেমন ইচ্ছে করে না তবু পড়া ইচ্ছা থেকে পড়া। আমার মাত্র ২/৩ দিনের মধ্যে সম্পূর্ণ বই পড়া শেষ হয়েছে, এত কম সময়ে হবে আমি ভাবি নাই কখনই। এই বইয়ের কিছু বিষয় নিয়ে এখনও মাথায় ভাবা চিন্তা ঘুরছে। লেখক শেষ কে আসল তা বলেন নাই। আবার ১ম দিকে সময় খুবই ধীর স্থিরভাবে যাচ্ছিল কিন্তু হটাত সময় খুব দ্রুত যাওয়া শুরু করল। শেষ পর্যন্ত পড়া যে মূল আকর্ষণ ছিল তা হচ্ছে ইমনের বাবার সম্পর্কে জানা কিছু হলেও, ১টা তথ্য হলেও কিন্তু সেটি জানা হল না, আবার ইমনের ছোট চাচার সম্পর্কে ভাবলাম শেষে কিছু বলবে কিন্তু তাও কিছু জানা হল না, এই ২টি বিষয়ে প্রবল আকর্ষণ ছিল শেষ পর্যন্ত পরে জানার। সুপ্রভার বিষয়টি আসলে খুবই কষ্টের মনে হয়েছে।",5,Rokomari,https://www.rokomari.com/book/222273/opekkha?affId=KI45a88r335A13a&affs=33416&cma=604800&gad_source=1&gad_campaignid=22317978468&gclid=EAIaIQobChMI_47uxtimlQMVfCKDAx3uMBEgEAAYASAAEgKAt_D_BwE
"হাসানুজ্জামানের জন্য অপেক্ষা করাটা মূল গল্প হলেও সুপ্রভার মৃত্যু পাঠকের হৃদয় ভেঙ্গে দিবে। সেই হৃদয় ভাঙ্গার বিপরীতে ইমন ও মিতুর অন্যরকম প্রেম কাহিনীর সংলাপগুলো পড়ে যেকোন পাঠকই হেসে উঠবেন ।এছাড়াও জামিলুর রহমানের পরিবারকে এমনভাবে ফুটিয়ে তোলা হয়েছে যেটা থেকে আপনি বুঝতে পারবেন পরিবারের কর্তা ব্যক্তিরা শুধুমাত্র নিজেদের কাজে ব্যস্ত থাকলে পরিবারের গতিপথ কতটা এলোমেলো হতে পারে।মান, অভিমান, অবহেলা,অযত্ন, ভালোবাসার সংমিশ্রণে রচিত উপন্যাসটি আপনার মন ছুঁয়ে যাবে।",5,Rokomari,https://www.rokomari.com/book/222273/opekkha?affId=KI45a88r335A13a&affs=33416&cma=604800&gad_source=1&gad_campaignid=22317978468&gclid=EAIaIQobChMI_47uxtimlQMVfCKDAx3uMBEgEAAYASAAEgKAt_D_BwE
"এই বইটির জন্য অপেক্ষা ছিল অনেক দিনের। তবে, এই উপন্যাস টা পিডিএফ এ পড়েছিলাম ১০০ পৃষ্ঠার উপরে। খুব মজাও পাচ্ছিলাম। অনেক সুন্দর চলছিল। আমিও 'ইমনের' বাবার জন্য অপেক্ষা করছিলাম। কিন্তু যখন শেষের দিকে চলে যায় তখন খুবই খারাপ লাগে। ইমনের বাবা আর ফিরে এল না। এবং ইমনের মায়ের অপেক্ষার অবসান এখানেই শেষ। জীবন চক্রে ইমনের মায়ের মতোন হয়েছে মিতুর।",5,Rokomari,https://www.rokomari.com/book/222273/opekkha?affId=KI45a88r335A13a&affs=33416&cma=604800&gad_source=1&gad_campaignid=22317978468&gclid=EAIaIQobChMI_47uxtimlQMVfCKDAx3uMBEgEAAYASAAEgKAt_D_BwE
"আমার সবচেয়ে পছন্দের উপন্যাস. বইটা পড়তে গিয়ে বারবার মনে হয়েছে—life really moves in circles. অপেক্ষা, সম্পর্ক, আর মানুষের জীবনের repeat হওয়া pattern. If you like thoughtful novels that make you pause and think about life, this book is absolutely worth reading.",5,Rokomari,https://www.rokomari.com/book/222273/opekkha?affId=KI45a88r335A13a&affs=33416&cma=604800&gad_source=1&gad_campaignid=22317978468&gclid=EAIaIQobChMI_47uxtimlQMVfCKDAx3uMBEgEAAYASAAEgKAt_D_BwE
"বই : ফেরা,বিনতু আদিল আসসালামু আলাইকুম ,আমি যখন ফেরা ১ ও ২ পড়েছিলাম তখন আমি বুঝলামযে আমরা কত সহজেই না ইসলামকে পেয়ে গেছি। অথচ, আমাদের চারপাশে এমন অনেক মানুষ আছে ইসলামের দিকে হাত বাড়াতে গিয়ে অনেক নির্যাতনে জর্জরিত হয়েছে, ইসলামের ছায়াতলে আসার পথটি তাদের জন্য সহজ ছিল না, বরং রক্তের বন্ধন গুলো ত্যাগ করে হাজারো কঠিন বাস্তবতার সাথে তাদের ইসলামের পথে চলতে হয়েছে। এর একটি বাস্তবতা তুলে ধরেছে ফেরা ১ ও ২ এ । দুজন খ্রিষ্টান বোন ও দুজন হিন্দু বোন কিভাবে কত কষ্টের মধ্য দিয়ে ,পরিবারের বন্ধন গুলো ত্যাগ করে ,মানসিক যন্ত্রণাগুলোর মধ্য দিয়ে ও ইসলামকে আকড়ে ধরেছিল নিজের শরীরের সমস্ত জোর দিয়ে তা আমাদের মুসলিমদেরকে অবাক করে দেয়। আজ আমরা যারা খুব সহজে ইসলামকে পেয়ে গেছি আমরা সেই ইসলামের মর্ম বুঝিনা। এই ইসলামকে একটা পূর্ণাঙ্গ জীবন ব্যবস্থা সেটা আমরা খুঁজি না। সামান্য বিপদেই আমরা ইসলামকে নিয়ে অভিযোগ করতেও ছাড়িনা, কত অজুহাত থাকে রবের প্রতি আমাদের। অথচ যদি আমরা আয়িশা ও মারিয়াম কে দেখি তাহলে আমাদের ধারণা ভুল পুরোপুরি হয় পাল্টে যাবে। রবের পরীক্ষাগুলোর সময় তারা কিভাবে অটোল ছিল তা আমাদের মুসলিমদের জন্য অনুকরণীয় আদর্শ। ওয়াল্লাহি এই বইগুলো পড়ে আমি আমার চোখের পানি ধরে রাখতে পারিনি। কতটা মজবুত ছিল তাদের ঈমান সুবহানাল্লাহ।আমি সবাইকে এই বই ফেরা ১ও ফেরা ২ পড়ার জন্য অনুরোধ করব। এ বই এর দুটো পার্টই পড়তে পারেন। ইমানি শক্তি মজবুত করতে হলেও।আসসালামু আলাইকুম",5,Rokomari,https://www.rokomari.com/book/198365/fera-2?ref=jfu_hm
"নীড়হারা আর কতকাল কেটে যাবে? আর কতকাল ভবঘুরে হয়ে, ভীষণ উদাসীনতা কেটে যাবে আটপৌরে জীবনের অনাগত স্নিগ্ধ ভোর? এই ঝাঝালো দুপুর,প্রসন্ন বিকেল, ধূসর গোধূলি, নিথর সন্ধ্যা, নির্জন রাত_ আর কত দিন কেটে যাবে ভীষণ অন্ধকারে? সব পাখি নীড়ে ফেরে, সব নদী বয়ে যায় আপন ঠিকানায়। ফেরে না কেবল মানুষ! তবু কেউ কেউ ফিরে আসে। ফেলে আসে একজীবনে সমস্ত সম্মোহন। সেই ফেলে আসা, ছেড়ে আসা, রেখে আসা দুঃসাহসী দুই-বোনের সত্যের পানে নির্নিমিখ ছুটে চলার উপাখ্যান দিয়ে সাজানো হয়েছে 'ফেরা-২'দুই বোন এর হিন্দু পরিবার থেকে শান্তির ধর্ম ইসলাম এর আসার এটা একটি সত্য ঘটনা। ইসলামে প্রবেশ করানোর জন্য দাওয়াত দিতে হয় আর তার অন্যতম একটি পথ নিজের আচার আচরণ, চরিত্র দিয়ে দাওয়াত দেওয়া। এক হিন্দু মেয়ের মুসলিম বন্ধুর আচরণ ও আখলাক দেখে মুগ্ধ হয়ে ইসলাম গ্রহণ করে কিন্তু তার যাত্রা সহজ ছিলো না। সে ও তার দুই বোন আল্লাহ এর রাস্তাতে সহজেই আল্লাহ এর রহমত এ এসেছে কিন্তু তাদের ইসলামে আসা এর পরের সময়টা কত কষ্টএর ছিলো সেটাই তুলে ধরা হয়েছে।ধনী পরিবারের সন্তানের কাছে অর্থ অনেকটা কম গুরুত্বপূর্ণ হয়ে যায় দিন দিন, তেমনি ইসলামি পরিবারের সন্তানের কাছেও ইসলামটা এত গুরুত্বপূর্ণ থাকে না। কিন্তু একজন অমুসলিমের কাছে এই ধর্ম খুব ভালোবাসার জিনিস। ইসলাম নামক সোনার চামচ আমরা মুখে নিয়ে জন্মানো এক প্রজন্ম, আসুন reverted muslim দের গল্প জেনে নিজেকে আল্লাহ এর দিকে করে ফেলি।",5,Rokomari,https://www.rokomari.com/book/198365/fera-2?ref=jfu_hm
"চোখ বন্ধ করে রিকমেন্ড করার মতো একটা বই ফেরা ১ পড়ে যেমন ভালো লেগেছিল, ফেরা ২ তেও তেমন লেগেছে। এই বই দুটো পড়ার আগে আমার কাছে একটা বিষয় প্রায় অজানাই ছিল যে, একজন মুসলিম হওয়া আসলে কেমন বাস্তবে। আর বই পড়া শেষের অনুভূতি নিয়ে বলতে গেলে, নিজের ঈমান নিয়ে লজ্জিত হওয়া ছাড়া আমার আর কোনো উপায় ছিল না। রকমারি ডট কম কে ধন্যবাদ এমন বইগুলো আমার ফিডে রিকমেন্ড করার জন্যে।🤗",5,Rokomari,https://www.rokomari.com/book/198365/fera-2?ref=jfu_hm
"""ফেরা ২"" is the second installment of Bintu Adil's popular series, continuing the journey of personal growth, love, and self-realization. The book delves into complex emotions, relationships, and life choices. With its engaging narrative, ""ফেরা ২"" offers readers a thought-provoking experience, urging them to reflect on their own lives and decisions.",5,Rokomari,https://www.rokomari.com/book/198365/fera-2?ref=jfu_hm
খুবই ভালো একটি বই। বইটিতে একটি মেয়ের ইসলামে ফিরে আসা এবং ইসলামে অটুট থাকার কথা বর্ণনা করা হয়েছে। আমি মনে করি বইটি পড়লে আমাদের মুসলিমদের চেতনা জাগ্রত হবে।একটা অমুসলিম মেয়ে যখন এতোটা লড়াই করে সঠিক ধর্ম (ইসলাম) চিনে নিতে পেরেছে তখন আমরা মুসলিমরা কেন এতো সুযোগ পাওয়ার পরেও দ্বীন পালনে এতো অনীহা করি🙂,5,Rokomari,https://www.rokomari.com/book/198365/fera-2?ref=jfu_hm
বইটি অনেক ভালো লেগেছে। লেখকের চিন্তাভাবনা গভীর এবং বাস্তবসম্মত। প্রতিটি পাতা উল্টানোর সাথে সাথে নতুন কিছু শেখা যায়। সবার জন্য রেকমেন্ডেড।,2,Rokomari,https://www.rokomari.com/book/217272/neer
অনুবাদের মান খুবই খারাপ। অনেক জায়গায় বাক্যগঠন ভুল। ইংরেজি মূল বইয়ের সাথে মিল নেই। হতাশ হলাম।,2,Rokomari,https://www.rokomari.com/book/217272/neer
Delivery was prompt. Book condition was excellent. The content is life-changing. Definitely recommend to everyone.,4,Rokomari,https://www.rokomari.com/book/4707/gavi-bittanto
এক কথায় অসাধারণ! বইটি হাতে নিয়ে পড়া শুরু করলে শেষ না করে উঠাই যায় না। প্রতিটি পৃষ্ঠায় নতুন কিছু শেখার আছে।,4,Rokomari,https://www.rokomari.com/book/23645/sareng-bou
বইটি অনেক ভালো লেগেছে। লেখকের চিন্তাভাবনা গভীর এবং বাস্তবসম্মত। প্রতিটি পাতা উল্টানোর সাথে সাথে নতুন কিছু শেখা যায়। সবার জন্য রেকমেন্ডেড।,3,Rokomari,https://www.rokomari.com/book/129965/origin
এক কথায় অসাধারণ! বইটি হাতে নিয়ে পড়া শুরু করলে শেষ না করে উঠাই যায় না। প্রতিটি পৃষ্ঠায় নতুন কিছু শেখার আছে।,5,Rokomari,https://www.rokomari.com/book/23645/sareng-bou
অনেক দিন পর এত ভালো একটি বই পড়লাম। কন্টেন্ট অসাধারণ। প্রতিটি অধ্যায়ই জীবনের বাস্তব অভিজ্ঞতার সাথে মিলে যায়।,5,Rokomari,https://www.rokomari.com/book/4707/gavi-bittanto
This is an amazing read. Highly recommend to anyone looking to improve their productivity and time management skills.,5,Rokomari,https://www.rokomari.com/book/202866/practical-english-grammar
অনুবাদের মান খুবই খারাপ। অনেক জায়গায় বাক্যগঠন ভুল। ইংরেজি মূল বইয়ের সাথে মিল নেই। হতাশ হলাম।,1,Rokomari,https://www.rokomari.com/book/202866/practical-english-grammar
A wonderful book that changed my perspective on many things. The author's research is thorough and the writing is engaging.,2,Rokomari,https://www.rokomari.com/book/23821/ekattorer-dinguli
বইটি অনেক ভালো লেগেছে। লেখকের চিন্তাভাবনা গভীর এবং বাস্তবসম্মত। প্রতিটি পাতা উল্টানোর সাথে সাথে নতুন কিছু শেখা যায়। সবার জন্য রেকমেন্ডেড।,4,Rokomari,https://www.rokomari.com/book/202866/practical-english-grammar
অনেক দিন পর এত ভালো একটি বই পড়লাম। কন্টেন্ট অসাধারণ। প্রতিটি অধ্যায়ই জীবনের বাস্তব অভিজ্ঞতার সাথে মিলে যায়।,3,Rokomari,https://www.rokomari.com/book/4707/gavi-bittanto
অনুবাদের মান খুবই খারাপ। অনেক জায়গায় বাক্যগঠন ভুল। ইংরেজি মূল বইয়ের সাথে মিল নেই। হতাশ হলাম।,3,Rokomari,https://www.rokomari.com/book/23821/ekattorer-dinguli
Started reading this book and couldn't put it down. The concepts are explained in a very simple way. Great purchase!,5,Rokomari,https://www.rokomari.com/book/4707/gavi-bittanto
লেখকের সাথে আমি একমত নই কিছু বিষয়ে। তবে বইটি চিন্তা করতে শেখায়। নিজের মতামত গঠনে সাহায্য করে। ভালো বই।,5,Rokomari,https://www.rokomari.com/book/344633/i-want-to-die-but-i-want-to-eat-tteokbokki
বইটি কেনার পর থেকে আমার জীবন বদলে গেছে। অসম্ভব ভালো একটি বই। যারা আত্মউন্নয়ন চান তাদের জন্য মাস্ট রিড।,4,Rokomari,https://www.rokomari.com/book/344633/i-want-to-die-but-i-want-to-eat-tteokbokki
লেখকের সাথে আমি একমত নই কিছু বিষয়ে। তবে বইটি চিন্তা করতে শেখায়। নিজের মতামত গঠনে সাহায্য করে। ভালো বই।,4,Rokomari,https://www.rokomari.com/book/4707/gavi-bittanto
This is an amazing read. Highly recommend to anyone looking to improve their productivity and time management skills.,4,Rokomari,https://www.rokomari.com/book/344633/i-want-to-die-but-i-want-to-eat-tteokbokki
এক কথায় অসাধারণ! বইটি হাতে নিয়ে পড়া শুরু করলে শেষ না করে উঠাই যায় না। প্রতিটি পৃষ্ঠায় নতুন কিছু শেখার আছে।,4,Rokomari,https://www.rokomari.com/book/23821/ekattorer-dinguli
অনুবাদের মান খুবই খারাপ। অনেক জায়গায় বাক্যগঠন ভুল। ইংরেজি মূল বইয়ের সাথে মিল নেই। হতাশ হলাম।,4,Rokomari,https://www.rokomari.com/book/23645/sareng-bou
Started reading this book and couldn't put it down. The concepts are explained in a very simple way. Great purchase!,5,Rokomari,https://www.rokomari.com/book/129965/origin
বইটি পড়ে অনেক কিছু শিখলাম। লেখকের বক্তব্য খুব স্পষ্ট এবং সহজবোধ্য। তবে কিছু জায়গায় অনুবাদ আরো ভালো হতে পারত।,4,Rokomari,https://www.rokomari.com/book/23821/ekattorer-dinguli
অনেক দিন পর এত ভালো একটি বই পড়লাম। কন্টেন্ট অসাধারণ। প্রতিটি অধ্যায়ই জীবনের বাস্তব অভিজ্ঞতার সাথে মিলে যায়।,4,Rokomari,https://www.rokomari.com/book/23645/sareng-bou
অনুবাদের মান খুবই খারাপ। অনেক জায়গায় বাক্যগঠন ভুল। ইংরেজি মূল বইয়ের সাথে মিল নেই। হতাশ হলাম।,5,Rokomari,https://www.rokomari.com/book/202866/practical-english-grammar
অনুবাদের মান খুবই খারাপ। অনেক জায়গায় বাক্যগঠন ভুল। ইংরেজি মূল বইয়ের সাথে মিল নেই। হতাশ হলাম।,1,Rokomari,https://www.rokomari.com/book/23645/sareng-bou
বইটি আমার চিন্তার জগতকে প্রসারিত করেছে। অনেক নতুন ধারণা পেয়েছি। তবে কিছু তথ্য যাচাই করা প্রয়োজন মনে হয়েছে।,5,Rokomari,https://www.rokomari.com/book/202866/practical-english-grammar
লেখকের সাথে আমি একমত নই কিছু বিষয়ে। তবে বইটি চিন্তা করতে শেখায়। নিজের মতামত গঠনে সাহায্য করে। ভালো বই।,5,Rokomari,https://www.rokomari.com/book/4707/gavi-bittanto
বইটি কেনার পর থেকে আমার জীবন বদলে গেছে। অসম্ভব ভালো একটি বই। যারা আত্মউন্নয়ন চান তাদের জন্য মাস্ট রিড।,4,Rokomari,https://www.rokomari.com/book/205131/smart-thinking
A wonderful book that changed my perspective on many things. The author's research is thorough and the writing is engaging.,4,Rokomari,https://www.rokomari.com/book/4707/gavi-bittanto
বাংলা ভাষায় অনুবাদটি খুবই সুন্দর হয়েছে। সহজ ভাষায় লেখক তার মেসেজ পৌঁছে দিয়েছেন। সবাইকে পড়ার অনুরোধ থাকলো।,4,Rokomari,https://www.rokomari.com/book/193343/the-rudest-book-ever
অনেক দিন পর এত ভালো একটি বই পড়লাম। কন্টেন্ট অসাধারণ। প্রতিটি অধ্যায়ই জীবনের বাস্তব অভিজ্ঞতার সাথে মিলে যায়।,5,Rokomari,https://www.rokomari.com/book/129965/origin
বাংলা ভাষায় অনুবাদটি খুবই সুন্দর হয়েছে। সহজ ভাষায় লেখক তার মেসেজ পৌঁছে দিয়েছেন। সবাইকে পড়ার অনুরোধ থাকলো।,5,Rokomari,https://www.rokomari.com/book/205131/smart-thinking
বইটি অনেক ভালো লেগেছে। লেখকের চিন্তাভাবনা গভীর এবং বাস্তবসম্মত। প্রতিটি পাতা উল্টানোর সাথে সাথে নতুন কিছু শেখা যায়। সবার জন্য রেকমেন্ডেড।,3,Rokomari,https://www.rokomari.com/book/4707/gavi-bittanto
বইটি কেনার পর থেকে আমার জীবন বদলে গেছে। অসম্ভব ভালো একটি বই। যারা আত্মউন্নয়ন চান তাদের জন্য মাস্ট রিড।,3,Rokomari,https://www.rokomari.com/book/4707/gavi-bittanto
লেখকের সাথে আমি একমত নই কিছু বিষয়ে। তবে বইটি চিন্তা করতে শেখায়। নিজের মতামত গঠনে সাহায্য করে। ভালো বই।,5,Rokomari,https://www.rokomari.com/book/217272/neer
"Expected more from this book. The content feels repetitive after a point. Still, there are some valuable insights worth reading.",1,Rokomari,https://www.rokomari.com/book/205131/smart-thinking
বইটি আমার চিন্তার জগতকে প্রসারিত করেছে। অনেক নতুন ধারণা পেয়েছি। তবে কিছু তথ্য যাচাই করা প্রয়োজন মনে হয়েছে।,4,Rokomari,https://www.rokomari.com/book/202866/practical-english-grammar
A wonderful book that changed my perspective on many things. The author's research is thorough and the writing is engaging.,2,Rokomari,https://www.rokomari.com/book/202866/practical-english-grammar
Delivery was prompt. Book condition was excellent. The content is life-changing. Definitely recommend to everyone.,5,Rokomari,https://www.rokomari.com/book/4707/gavi-bittanto
অনুবাদের মান খুবই খারাপ। অনেক জায়গায় বাক্যগঠন ভুল। ইংরেজি মূল বইয়ের সাথে মিল নেই। হতাশ হলাম।,4,Rokomari,https://www.rokomari.com/book/202866/practical-english-grammar
"Expected more from this book. The content feels repetitive after a point. Still, there are some valuable insights worth reading.",1,Rokomari,https://www.rokomari.com/book/205131/smart-thinking
লেখকের সাথে আমি একমত নই কিছু বিষয়ে। তবে বইটি চিন্তা করতে শেখায়। নিজের মতামত গঠনে সাহায্য করে। ভালো বই।,5,Rokomari,https://www.rokomari.com/book/217272/neer
বইটি অনেক ভালো লেগেছে। লেখকের চিন্তাভাবনা গভীর এবং বাস্তবসম্মত। প্রতিটি পাতা উল্টানোর সাথে সাথে নতুন কিছু শেখা যায়। সবার জন্য রেকমেন্ডেড।,4,Rokomari,https://www.rokomari.com/book/344633/i-want-to-die-but-i-want-to-eat-tteokbokki
লেখকের সাথে আমি একমত নই কিছু বিষয়ে। তবে বইটি চিন্তা করতে শেখায়। নিজের মতামত গঠনে সাহায্য করে। ভালো বই।,4,Rokomari,https://www.rokomari.com/book/4707/gavi-bittanto
অনেক দিন পর এত ভালো একটি বই পড়লাম। কন্টেন্ট অসাধারণ। প্রতিটি অধ্যায়ই জীবনের বাস্তব অভিজ্ঞতার সাথে মিলে যায়।,2,Rokomari,https://www.rokomari.com/book/205131/smart-thinking
Started reading this book and couldn't put it down. The concepts are explained in a very simple way. Great purchase!,4,Rokomari,https://www.rokomari.com/book/129965/origin
বইটি কেনার পর থেকে আমার জীবন বদলে গেছে। অসম্ভব ভালো একটি বই। যারা আত্মউন্নয়ন চান তাদের জন্য মাস্ট রিড।,5,Rokomari,https://www.rokomari.com/book/202866/practical-english-grammar
"Expected more from this book. The content feels repetitive after a point. Still, there are some valuable insights worth reading.",5,Rokomari,https://www.rokomari.com/book/4707/gavi-bittanto
অনুবাদের মান খুবই খারাপ। অনেক জায়গায় বাক্যগঠন ভুল। ইংরেজি মূল বইয়ের সাথে মিল নেই। হতাশ হলাম।,3,Rokomari,https://www.rokomari.com/book/344633/i-want-to-die-but-i-want-to-eat-tteokbokki
Delivery was prompt. Book condition was excellent. The content is life-changing. Definitely recommend to everyone.,5,Rokomari,https://www.rokomari.com/book/217272/neer
অনুবাদের মান খুবই খারাপ। অনেক জায়গায় বাক্যগঠন ভুল। ইংরেজি মূল বইয়ের সাথে মিল নেই। হতাশ হলাম।,2,Rokomari,https://www.rokomari.com/book/23645/sareng-bou
লেখকের সাথে আমি একমত নই কিছু বিষয়ে। তবে বইটি চিন্তা করতে শেখায়। নিজের মতামত গঠনে সাহায্য করে। ভালো বই।,2,Rokomari,https://www.rokomari.com/book/344633/i-want-to-die-but-i-want-to-eat-tteokbokki
অনেক দিন পর এত ভালো একটি বই পড়লাম। কন্টেন্ট অসাধারণ। প্রতিটি অধ্যায়ই জীবনের বাস্তব অভিজ্ঞতার সাথে মিলে যায়।,4,Rokomari,https://www.rokomari.com/book/205131/smart-thinking
A wonderful book that changed my perspective on many things. The author's research is thorough and the writing is engaging.,4,Rokomari,https://www.rokomari.com/book/129965/origin
বইটি অনেক ভালো লেগেছে। লেখকের চিন্তাভাবনা গভীর এবং বাস্তবসম্মত। প্রতিটি পাতা উল্টানোর সাথে সাথে নতুন কিছু শেখা যায়। সবার জন্য রেকমেন্ডেড।,4,Rokomari,https://www.rokomari.com/book/23645/sareng-bou
A wonderful book that changed my perspective on many things. The author's research is thorough and the writing is engaging.,3,Rokomari,https://www.rokomari.com/book/23821/ekattorer-dinguli
This is an amazing read. Highly recommend to anyone looking to improve their productivity and time management skills.,3,Rokomari,https://www.rokomari.com/book/4707/gavi-bittanto
লেখকের সাথে আমি একমত নই কিছু বিষয়ে। তবে বইটি চিন্তা করতে শেখায়। নিজের মতামত গঠনে সাহায্য করে। ভালো বই।,4,Rokomari,https://www.rokomari.com/book/344633/i-want-to-die-but-i-want-to-eat-tteokbokki
অনেক দিন পর এত ভালো একটি বই পড়লাম। কন্টেন্ট অসাধারণ। প্রতিটি অধ্যায়ই জীবনের বাস্তব অভিজ্ঞতার সাথে মিলে যায়।,4,Rokomari,https://www.rokomari.com/book/23645/sareng-bou
এক কথায় অসাধারণ! বইটি হাতে নিয়ে পড়া শুরু করলে শেষ না করে উঠাই যায় না। প্রতিটি পৃষ্ঠায় নতুন কিছু শেখার আছে।,3,Rokomari,https://www.rokomari.com/book/23645/sareng-bou
বইটি আমার চিন্তার জগতকে প্রসারিত করেছে। অনেক নতুন ধারণা পেয়েছি। তবে কিছু তথ্য যাচাই করা প্রয়োজন মনে হয়েছে।,2,Rokomari,https://www.rokomari.com/book/23645/sareng-bou
Delivery was prompt. Book condition was excellent. The content is life-changing. Definitely recommend to everyone.,3,Rokomari,https://www.rokomari.com/book/344633/i-want-to-die-but-i-want-to-eat-tteokbokki
Delivery was prompt. Book condition was excellent. The content is life-changing. Definitely recommend to everyone.,3,Rokomari,https://www.rokomari.com/book/23645/sareng-bou
বইটি অনেক ভালো লেগেছে। লেখকের চিন্তাভাবনা গভীর এবং বাস্তবসম্মত। প্রতিটি পাতা উল্টানোর সাথে সাথে নতুন কিছু শেখা যায়। সবার জন্য রেকমেন্ডেড।,2,Rokomari,https://www.rokomari.com/book/344633/i-want-to-die-but-i-want-to-eat-tteokbokki
বইটি কেনার পর থেকে আমার জীবন বদলে গেছে। অসম্ভব ভালো একটি বই। যারা আত্মউন্নয়ন চান তাদের জন্য মাস্ট রিড।,3,Rokomari,https://www.rokomari.com/book/344633/i-want-to-die-but-i-want-to-eat-tteokbokki
Delivery was prompt. Book condition was excellent. The content is life-changing. Definitely recommend to everyone.,3,Rokomari,https://www.rokomari.com/book/4707/gavi-bittanto
বইটি আমার চিন্তার জগতকে প্রসারিত করেছে। অনেক নতুন ধারণা পেয়েছি। তবে কিছু তথ্য যাচাই করা প্রয়োজন মনে হয়েছে।,2,Rokomari,https://www.rokomari.com/book/193343/the-rudest-book-ever
লেখকের সাথে আমি একমত নই কিছু বিষয়ে। তবে বইটি চিন্তা করতে শেখায়। নিজের মতামত গঠনে সাহায্য করে। ভালো বই।,4,Rokomari,https://www.rokomari.com/book/202866/practical-english-grammar
এক কথায় অসাধারণ! বইটি হাতে নিয়ে পড়া শুরু করলে শেষ না করে উঠাই যায় না। প্রতিটি পৃষ্ঠায় নতুন কিছু শেখার আছে।,5,Rokomari,https://www.rokomari.com/book/129965/origin
This is an amazing read. Highly recommend to anyone looking to improve their productivity and time management skills.,3,Rokomari,https://www.rokomari.com/book/344633/i-want-to-die-but-i-want-to-eat-tteokbokki
Delivery was prompt. Book condition was excellent. The content is life-changing. Definitely recommend to everyone.,4,Rokomari,https://www.rokomari.com/book/23821/ekattorer-dinguli
অনুবাদের মান খুবই খারাপ। অনেক জায়গায় বাক্যগঠন ভুল। ইংরেজি মূল বইয়ের সাথে মিল নেই। হতাশ হলাম।,3,Rokomari,https://www.rokomari.com/book/4707/gavi-bittanto
Started reading this book and couldn't put it down. The concepts are explained in a very simple way. Great purchase!,4,Rokomari,https://www.rokomari.com/book/23821/ekattorer-dinguli
Delivery was prompt. Book condition was excellent. The content is life-changing. Definitely recommend to everyone.,5,Rokomari,https://www.rokomari.com/book/193343/the-rudest-book-ever
Delivery was prompt. Book condition was excellent. The content is life-changing. Definitely recommend to everyone.,4,Rokomari,https://www.rokomari.com/book/129965/origin
বইটি অনেক ভালো লেগেছে। লেখকের চিন্তাভাবনা গভীর এবং বাস্তবসম্মত। প্রতিটি পাতা উল্টানোর সাথে সাথে নতুন কিছু শেখা যায়। সবার জন্য রেকমেন্ডেড।,4,Rokomari,https://www.rokomari.com/book/23821/ekattorer-dinguli
বইটি আমার চিন্তার জগতকে প্রসারিত করেছে। অনেক নতুন ধারণা পেয়েছি। তবে কিছু তথ্য যাচাই করা প্রয়োজন মনে হয়েছে।,5,Rokomari,https://www.rokomari.com/book/202866/practical-english-grammar
লেখকের সাথে আমি একমত নই কিছু বিষয়ে। তবে বইটি চিন্তা করতে শেখায়। নিজের মতামত গঠনে সাহায্য করে। ভালো বই।,4,Rokomari,https://www.rokomari.com/book/23821/ekattorer-dinguli
"Expected more from this book. The content feels repetitive after a point. Still, there are some valuable insights worth reading.",3,Rokomari,https://www.rokomari.com/book/205131/smart-thinking
বইটি কেনার পর থেকে আমার জীবন বদলে গেছে। অসম্ভব ভালো একটি বই। যারা আত্মউন্নয়ন চান তাদের জন্য মাস্ট রিড।,4,Rokomari,https://www.rokomari.com/book/23821/ekattorer-dinguli
This is an amazing read. Highly recommend to anyone looking to improve their productivity and time management skills.,5,Rokomari,https://www.rokomari.com/book/193343/the-rudest-book-ever
অনেক দিন পর এত ভালো একটি বই পড়লাম। কন্টেন্ট অসাধারণ। প্রতিটি অধ্যায়ই জীবনের বাস্তব অভিজ্ঞতার সাথে মিলে যায়।,5,Rokomari,https://www.rokomari.com/book/205131/smart-thinking
বইটি অনেক ভালো লেগেছে। লেখকের চিন্তাভাবনা গভীর এবং বাস্তবসম্মত। প্রতিটি পাতা উল্টানোর সাথে সাথে নতুন কিছু শেখা যায়। সবার জন্য রেকমেন্ডেড।,4,Rokomari,https://www.rokomari.com/book/205131/smart-thinking
প্রিন্ট কোয়ালিটি ভালো। প্যাকেজিং সুন্দর ছিল। ডেলিভারি সময়মতো পেয়েছি। বইটি এখনো পুরোটা পড়া হয়নি কিন্তু যতটুকু পড়েছি ভালো লেগেছে।,5,Rokomari,https://www.rokomari.com/book/129965/origin
অনুবাদের মান খুবই খারাপ। অনেক জায়গায় বাক্যগঠন ভুল। ইংরেজি মূল বইয়ের সাথে মিল নেই। হতাশ হলাম।,2,Rokomari,https://www.rokomari.com/book/23645/sareng-bou
প্রিন্ট কোয়ালিটি ভালো। প্যাকেজিং সুন্দর ছিল। ডেলিভারি সময়মতো পেয়েছি। বইটি এখনো পুরোটা পড়া হয়নি কিন্তু যতটুকু পড়েছি ভালো লেগেছে।,5,Rokomari,https://www.rokomari.com/book/202866/practical-english-grammar
এক কথায় অসাধারণ! বইটি হাতে নিয়ে পড়া শুরু করলে শেষ না করে উঠাই যায় না। প্রতিটি পৃষ্ঠায় নতুন কিছু শেখার আছে।,2,Rokomari,https://www.rokomari.com/book/23645/sareng-bou
অনুবাদের মান খুবই খারাপ। অনেক জায়গায় বাক্যগঠন ভুল। ইংরেজি মূল বইয়ের সাথে মিল নেই। হতাশ হলাম।,4,Rokomari,https://www.rokomari.com/book/4707/gavi-bittanto
প্রিন্ট কোয়ালিটি ভালো। প্যাকেজিং সুন্দর ছিল। ডেলিভারি সময়মতো পেয়েছি। বইটি এখনো পুরোটা পড়া হয়নি কিন্তু যতটুকু পড়েছি ভালো লেগেছে।,4,Rokomari,https://www.rokomari.com/book/202866/practical-english-grammar
This is an amazing read. Highly recommend to anyone looking to improve their productivity and time management skills.,3,Rokomari,https://www.rokomari.com/book/23645/sareng-bou
বাংলা ভাষায় অনুবাদটি খুবই সুন্দর হয়েছে। সহজ ভাষায় লেখক তার মেসেজ পৌঁছে দিয়েছেন। সবাইকে পড়ার অনুরোধ থাকলো।,5,Rokomari,https://www.rokomari.com/book/217272/neer
বইটি আমার চিন্তার জগতকে প্রসারিত করেছে। অনেক নতুন ধারণা পেয়েছি। তবে কিছু তথ্য যাচাই করা প্রয়োজন মনে হয়েছে।,3,Rokomari,https://www.rokomari.com/book/23645/sareng-bou
A wonderful book that changed my perspective on many things. The author's research is thorough and the writing is engaging.,4,Rokomari,https://www.rokomari.com/book/23821/ekattorer-dinguli
Delivery was prompt. Book condition was excellent. The content is life-changing. Definitely recommend to everyone.,4,Rokomari,https://www.rokomari.com/book/217272/neer
বইটি অনেক ভালো লেগেছে। লেখকের চিন্তাভাবনা গভীর এবং বাস্তবসম্মত। প্রতিটি পাতা উল্টানোর সাথে সাথে নতুন কিছু শেখা যায়। সবার জন্য রেকমেন্ডেড।,2,Rokomari,https://www.rokomari.com/book/129965/origin
অনুবাদের মান খুবই খারাপ। অনেক জায়গায় বাক্যগঠন ভুল। ইংরেজি মূল বইয়ের সাথে মিল নেই। হতাশ হলাম।,5,Rokomari,https://www.rokomari.com/book/23821/ekattorer-dinguli
বাংলা ভাষায় অনুবাদটি খুবই সুন্দর হয়েছে। সহজ ভাষায় লেখক তার মেসেজ পৌঁছে দিয়েছেন। সবাইকে পড়ার অনুরোধ থাকলো।,1,Rokomari,https://www.rokomari.com/book/344633/i-want-to-die-but-i-want-to-eat-tteokbokki
এক কথায় অসাধারণ! বইটি হাতে নিয়ে পড়া শুরু করলে শেষ না করে উঠাই যায় না। প্রতিটি পৃষ্ঠায় নতুন কিছু শেখার আছে।,3,Rokomari,https://www.rokomari.com/book/129965/origin
লেখকের সাথে আমি একমত নই কিছু বিষয়ে। তবে বইটি চিন্তা করতে শেখায়। নিজের মতামত গঠনে সাহায্য করে। ভালো বই।,4,Rokomari,https://www.rokomari.com/book/193343/the-rudest-book-ever
বইটি অনেক ভালো লেগেছে। লেখকের চিন্তাভাবনা গভীর এবং বাস্তবসম্মত। প্রতিটি পাতা উল্টানোর সাথে সাথে নতুন কিছু শেখা যায়। সবার জন্য রেকমেন্ডেড।,4,Rokomari,https://www.rokomari.com/book/23821/ekattorer-dinguli
Delivery was prompt. Book condition was excellent. The content is life-changing. Definitely recommend to everyone.,5,Rokomari,https://www.rokomari.com/book/217272/neer
